"","FAFH","HEI.Q1","HEI.Q2","HEI.Q3","HEI.Q4"
"1","FAFH1",0.317571186734599,0.161298421009827,0.27534022173997,0.245790170515604
"2","FAFH2",0.272738557764951,0.246899729334033,0.261455520488046,0.218906192412971
"3","FAFH3",0.284489938084853,0.175174614881466,0.374628110098654,0.165707336935027
"4","FAFH4",0.298702008844002,0.196906375946574,0.324688082452582,0.179703532756842
