"","(Intercept)","fafh.q42","fafh.q43","Gender2","Age","Race2","HHSize2","IncPovRat2","EDU","MartitalStat_cat","FoodAsstP2","SmokStatFormer","SmokStatNever","ALCUSE2"
"2",3.91391881589958,1.56632442306105,1.6463991842632,0.462377418533655,0.95831886757372,0.767986895936523,1.10388378230158,0.496974753648095,1.41451543015427,0.785990021523452,7.81745148588635,3.69746490367659,0.220295700934196,1.84646432165672
"3",7.5905289819974,1.15612603956012,1.67957816102714,0.523585274315729,0.972136559245205,0.554788002308959,0.659542175174094,3.46040662788579,2.19724850484741,0.550424653688634,6.34274552933984,5.93933511741341,7.80044555723039,0.297754190649173
"4",0.00474666953365393,1.878112245339,1.19764337892317,0.85566661516275,1.05948493636565,1.29990071904611,1.11073355884032,1.03091814273995,1.25101396037865,0.71309390847194,2.10741783945166,1.24150593488395,5.97152631803374,0.999571399736924
