"","FAFH","HEI.Q1","HEI.Q2","HEI.Q3","HEI.Q4"
"1","FAFH1",0.323784268862274,0.226348977097324,0.268416942308285,0.181449811732117
"2","FAFH2",0.320634429657218,0.287325076932728,0.260006083127276,0.132034410282778
"3","FAFH3",0.283936895104436,0.327510067892476,0.227746001475449,0.160807035527639
"4","FAFH4",0.249928295551915,0.261279026277669,0.239340110435498,0.249452567734918
